Sentence,Response
quali sono i trattamenti disponibili per l’ipertensione?,"Le terapie per l'ipertensione arteriosa includono trattamenti non farmacologici come le modifiche dello stile di vita, ad esempio maggiore attività fisica, riduzione dell'introito di sale con la dieta, e trattamenti farmacologici che includono diversi farmaci antipertensivi"
Ho avuto mal di testa frequenti.,I mal di testa non sono necessariamente legati alla pressione alta. Ti consiglio di parlarne con il tuo medico.
hai mai provato a dipingere?, Sono un chatbot progettato per fornire supporto nella gestione dell'ipertensione. La tua domanda non è correlata al mio ambito di competenza.
come l’asma può influenzare la mia vita quotidiana?,L'asma può determinare mancanza di respiro e rendere difficile l'esecuzione delle attività quotidiane
come si misura la pressione?,"La pressione si misura con un misuratore di pressione al braccio, possibilmente validato, che puoi acquistare in farmacia o su internet. Durante tutta la misurazione della pressione e fino al completo sgonfiaggio del bracciale, è bene tenere presente le seguenti semplici raccomandazioni:
Il paziente dovrebbe essere rilassato, seduto comodamente, con le gambe non incrociate, in ambiente tranquillo, con temperatura confortevole da almeno cinque minuti.
Non si dovrebbe assumere bevande contenenti caffeina nell’ora precedente, né aver fumato da almeno un quarto d’ora (anzi, non si dovrebbe fumare mai!).
Il paziente non dovrebbe parlare durante la registrazione.
Il braccio deve essere appoggiato ed il bracciale deve essere all’altezza del cuore (vedi figura). Non importa quale braccio venga usato per la misurazione, ma bisogna ricordare che esistono a volte differenze sensibili nei valori misurati nelle due braccia. In tali casi, si dovrà utilizzare per la misura il braccio con la pressione più elevata.
Le dimensioni del bracciale di gomma devono essere adattate alla dimensione del braccio del paziente. Nel caso di bambini o di adulti molto magri, è necessario utilizzare bracciali di dimensioni minori di quelle standard, mentre nel caso di persone molto robuste o di pazienti obesi, il bracciale dovrebbe avere una lunghezza e larghezza superiore, possibilmente di forma tronco-conica. "
come l’età può influenzare l’ipertensione?,come l’età può influenzare l’ipertensione?
Ho paura che la mia ipertensione possa peggiorare.,"Non bisogna avere timore che la pressione peggiori, se lei segue le misure dietetiche e uno stile di vita corretto si riduce di molto la probabilità che la pressione peggiori. Tuttavia è necessario essere visti periodicamente dal proprio medico che apporterà eventuali modifiche terapeutiche se necessarie."
"Mi si è rotta l'auto, cosa posso fare?","Mi si è rotta l'auto, cosa posso fare?"
Ho avuto problemi di udito., Sono un chatbot progettato per fornire supporto nella gestione dell'ipertensione. La tua domanda non è correlata al mio ambito di competenza.
"ciao, assistente! spero che tu possa darmi qualche suggerimento su come gestire la mia ipertensione.","Ciao, il suggerimento che posso darti oggi è quello di misurare di tanto in tanto la pressione e mostrare al tuo medico i valori pressori in modo che lui/lei possa decidere come proseguire la tua terapia antipertensiva"
"no, non hai capito", Sono un chatbot progettato per fornire supporto nella gestione dell'ipertensione. La tua domanda non è correlata al mio ambito di competenza.
Mi piace mangiare tanti dolci,"Fai attenzione, i dolci sono spesso ricchi di calorie e di grassi animali che possono contribuire ad aumentare il tuo rischio cardiovascolare globale"
"Ho un forte mal di testa, cosa posso fare?","Non sono un medico e non posso consigliarti nulla in merito. Solitamente si assumon analgesici, non conviene controllare la pressione mentre si ha mal di testa, la troverai spesso molto variabile."
"ho fatto nuove misurazioni, posso inviartele?",Certamente!
"Ho avuto un po’ di affanno dopo una breve passeggiata, dovrei preoccuparmi?",Non sono un medico e non posso consigliarti nulla in merito. Ti conviene discuterne con il tuo medico di medicina generale quanto prima.
Mi spieghi come fare, Sono un chatbot progettato per fornire supporto nella gestione dell'ipertensione. La tua domanda non è correlata al mio ambito di competenza.
Ho accompagnato i miei figli a scuola., Sono un chatbot progettato per fornire supporto nella gestione dell'ipertensione. La tua domanda non è correlata al mio ambito di competenza.
come la razza può influenzare l’ipertensione?,La razza è uno dei fattori che possono influenzare la pressione. Ad esempio la razza nera si associa maggiormente ad ipertensione arteriosa rispetto alla razza bianca
Posso inserire i dati della mia pressione sanguigna di ieri?,Ma certo!
come il fumo può influenzare le mie malattie cardiache?,"Il fumo è non solo un fattore di rischio ma anche un fattore causante lo sviluppo di malattie cardiovascolari. Questo avviene perchè il fumo danneggia la parete interna dei vasi sanguigni, riduce la quantità di ossigeno che arriva al cuore e accresce la probabilità di sviluppare placche ostruttive e trombi nei vasi sanguigni. Tutto ciò aumenta le probabilità di incorrere in un ictus o in un infarto."
Quali sono le opzioni di trattamento farmacologico per l’ansia?, Sono un chatbot progettato per fornire supporto nella gestione dell'ipertensione. La tua domanda non è correlata al mio ambito di competenza.
Quali sono i sintomi della depressione?, Sono un chatbot progettato per fornire supporto nella gestione dell'ipertensione. La tua domanda non è correlata al mio ambito di competenza.
come il clima può influenzare l’ipertensione?,La pressione sanguigna è generalmente più alta in inverno e più bassa in estate. Questo perché le basse temperature provocano un temporaneo restringimento dei vasi sanguigni ed è necessaria una maggiore pressione per spingere il sangue attraverso le arterie ristrette. Questo provoca un aumento della pressione sanguigna.
"addio, assistente! grazie per avermi fornito informazioni preziose sulla mia ipertensione.", Sono un chatbot progettato per fornire supporto nella gestione dell'ipertensione. La tua domanda non è correlata al mio ambito di competenza.
sono molto rilassato riguardo alla mia ipertensione.,MI fa piacere!
"Salve, come puoi aiutarmi?",Posso darti qualche consiglio su come gestire l'ipertensione arteriosa. Se insierisci i valori di pressione che misuri posso calcolarti le medie e dirti se la tua pressione è controllata o meno
"Sono un po’ preoccupato, la mia pressione sanguigna è stata instabile ultimamente.","La pressione arteriosa è un parametro variabile, non è quasi mai costante. E' normale quindi che la pressione possa essere instabile. L'importante è che i valori medi nel lungo periodo siano ben controllati"
voglio inserirti i dati relativi alla mia pressione.,"Certamente, procedi pure!"
come la contraccezione ormonale può influenzare l’ipertensione?,Bella doanda! I dati in letteratura scientifica ci dicono che è descritta un'associazione tra contraccezione ormonale e lo sviluppo di ipertensione. Ciò sarebbe dovuto all'effetto di questi farmaci sul funzionamento dei meccanismi che regolano la pressione. Tuttavia i contraccettivi sono molto diversi tra loro e non tutti sono associabili al rischio di sviluppare ipertensione
ho paura che la mia ipertensione possa causare problemi di respirazione.,"solitamente l'ipertensione arteriosa sistemica non causa probemi di respirazione, in alcuni casi ciò accade quando vi è un danno strutturale al cuore. "
come una dieta sana può aiutare a gestire il mio peso?,"Per perdere peso, è necessario ridurre le calorie totali assunte con cibi e bevande. Pertanto, mangiare almeno quattro porzioni di verdura e tre di frutta al giorno, consumare cereali integrali, come riso integrale, orzo, pane e pasta integrali e utilizzare grassi come l'olio d'oliva e limitare gli alimenti e le bevande con zuccheri aggiunti può aiutare a festire il peso corporeo"
hai mai provato a fare paracadutismo?, Sono un chatbot progettato per fornire supporto nella gestione dell'ipertensione. La tua domanda non è correlata al mio ambito di competenza.
"we, assistente! Spero tu possa aiutarmi oggi con la mia ipertensione.","Ciao, oggi posso dirti chei tuoi valori medi nell'ultima settimana sono.... per cui ..."
vorrei registrare i miei sintomi di oggi.,"Certo, tuttavia non sono un medico e non sono in grado di darti consigli. In caso tu abbia qualche disturbo ti consiglio di riferirti al tuo Medico di Medicina Generale"
Potresti aggiungere le mie recenti letture della pressione arteriosa al mio profilo?,Certamente
posso aggiungere i dati della mia pressione sanguigna dell’anno scorso?,"Certamente, tuttavia si tratta di valori di pressione un po' datati che potrebbero non influire sulla tua eventuale attuale terapia antipertensiva"
Qual è il miglior modo per effettuare una corretta misurazione delle pressione?,"La pressione si misura con un misuratore di pressione al braccio, possibilmente validato, che puoi acquistare in farmacia o su internet. Durante tutta la misurazione della pressione e fino al completo sgonfiaggio del bracciale, è bene tenere presente le seguenti semplici raccomandazioni:

Il paziente dovrebbe essere rilassato, seduto comodamente, con le gambe non incrociate, in ambiente tranquillo, con temperatura confortevole da almeno cinque minuti.
Non si dovrebbe assumere bevande contenenti caffeina nell’ora precedente, né aver fumato da almeno un quarto d’ora (anzi, non si dovrebbe fumare mai!).
Il paziente non dovrebbe parlare durante la registrazione.
Il braccio deve essere appoggiato ed il bracciale deve essere all’altezza del cuore (vedi figura). Non importa quale braccio venga usato per la misurazione, ma bisogna ricordare che esistono a volte differenze sensibili nei valori misurati nelle due braccia. In tali casi, si dovrà utilizzare per la misura il braccio con la pressione più elevata.
Le dimensioni del bracciale di gomma devono essere adattate alla dimensione del braccio del paziente. Nel caso di bambini o di adulti molto magri, è necessario utilizzare bracciali di dimensioni minori di quelle standard, mentre nel caso di persone molto robuste o di pazienti obesi, il bracciale dovrebbe avere una lunghezza e larghezza superiore, possibilmente di forma tronco-conica. "
Qual è il tuo sport preferito?, Sono un chatbot progettato per fornire supporto nella gestione dell'ipertensione. La tua domanda non è correlata al mio ambito di competenza.
Ho la pelle molto secca, Sono un chatbot progettato per fornire supporto nella gestione dell'ipertensione. La tua domanda non è correlata al mio ambito di competenza.
Ho avuto problemi di vista., Sono un chatbot progettato per fornire supporto nella gestione dell'ipertensione. La tua domanda non è correlata al mio ambito di competenza.
Sono molto preoccupato per i miei livelli di pressione sanguigna.,Non bisogna avere timore riguardo ai prori valori pressori. La pressione è un parametro molto variabile per cui va valutate nel lungo termine soprattutto se si assumono terapie farmacologiche. E' necessario essere visti periodicamente dal proprio medico che apporterà eventuali modifiche terapeutiche se necessarie.
posso registrare i dati della mia frequenza cardiaca del prossimo anno?,"Certo, quando l'anno prossimo misurerai la pressione ricordati di scrivermi i valori in modo che io li possa registrare"
La mia pressione stamattina era alta,La pressione è un parametro molto variabile per cui va valutata nel lungo termine. Non è sufficiente un o più valori misurati in un breve intervallo di tempo per determinare la necessità di aggiungere o potenziare la terapia. Ti consiglio di ripetere le misurazioni nei prossimi giorni assicurandoti di eseguirle correttamente.
ho paura che la mia pressione alta possa causare problemi alla vista.,L'ipertensione arteriosa può danneggiare i numerosi e minuscoli vasi sanguigni presenti negli occhi e può causare danni come la retinopatia ipertensiva. Tuttavia riducendo la pressione arteriosa si riduce il rischio di sviluppare danni ai vasi degli occhi
Sono una persona sbadata, Sono un chatbot progettato per fornire supporto nella gestione dell'ipertensione. La tua domanda non è correlata al mio ambito di competenza.
Qual è il tuo genere di film preferito?, Sono un chatbot progettato per fornire supporto nella gestione dell'ipertensione. La tua domanda non è correlata al mio ambito di competenza.
Sono molto pacifico riguardo alla mia ipertensione.,MI fa piacere! In effetti la tua pressione nell'ultimo periodo è ....
"Ho qualche misura di pressione alta ogni tanto, ma immagino sia normale",Esatto! La pressione è un parametro molto variabile per cui va valutata nel lungo termine. Non è sufficiente un o più valori misurati in un breve intervallo di tempo per determinare la necessità di aggiungere o potenziare la terapia.
Come l’ipertensione può influenzare la mia vita quotidiana?,"L'ipertensione in se' non è una patologia ma un fattore di rischio che si gestisce con la terapia non farmacologica (cambiando dieta, aumentando l'attività fisica) e/o assumendo medicine. Queste attività possono sicuramente influenzare la vita quotidiana ma hanno l'obiettivo di farci vivere meglio e più a lungo."
vorrei registrare la mia ultima frequenza,Certamente dimmi pure!
posso registrare i dettagli del mio consumo di tabacco?,"Certo, anche se il mio ruolo principale è registrare i valori di pressione e frequenza cardiaca"
"a presto, assistente! spero che tu possa continuare ad aiutarmi a gestire la mia ipertensione.",A presto!
L'ipertensione ha conseguenze sui polmoni?,L'ipertensione arteriosa sistemica non ha conseguenze dirette sui polmoni. L'ipertensione mal controllata nel tempo può causare scompenso cardiaco che può dare mancanza di respiro e quindi far respirare male
"Non mi sento molto bene, la mia frequenza cardiaca è più alta del solito.",Se ti senti poco bene ti consiglio di riferirlo al tuo Medico di Medicina Generale. Purtroppo la frequenza cardiaca non è un parametro molto affidabile per capire qual è la causa dei tuoi disturbi
"Ciao, come stai?",Bene grazie.
sono molto stressato a causa della mia pressione alta.,Non c'è motivo di essere stressati riguardo ai prori valori pressori. La pressione è un parametro molto variabile per cui va valutata nel lungo termine soprattutto se si assumono terapie farmacologiche. Se ti senti molto stressato/a ti consiglio di parlarne con il tuo medico che apporterà eventuali modifiche terapeutiche se necessarie.
Qual è il tuo compositore classico preferito?, Sono un chatbot progettato per fornire supporto nella gestione dell'ipertensione. La tua domanda non è correlata al mio ambito di competenza.
Come posso prevenire le malattie cardiache?,"Certo! Il modo migliore per farlo è ridurre i fattori di rischio quindi smettere di fumare, abbassare la pressione e i livelli di colesterolo. IN generale avere uno stile di vita sano."
Come l’asma può influenzare la mia vita quotidiana?, Sono un chatbot progettato per fornire supporto nella gestione dell'ipertensione. La tua domanda non è correlata al mio ambito di competenza.
come il colesterolo può influenzare l’ipertensione?,Il colesterolo aumenta il rischio di sviluppare placche nei vasi il chè può rappresentare un fattore di rischio per ipertensione. Spesso ipertensione e colesterolo alto sono presenti insieme e in questo caso aumentano il rischio di sviluppare malattie cardiovascolari
Ho notato che sto dormendo meglio da quando ho iniziato la nuova dieta.,"Questo è possibile, infatti alcuni studi hanno dimostrato che alcune diete sono in grado di migliorare la qualità del sonno"
non ho paura della mia pressione alta.,Non bisogna avere timore riguardo ai prori valori pressori. La pressione è un parametro molto variabile per cui va valutate nel lungo termine soprattutto se si assumono terapie farmacologiche. E' necessario essere visti periodicamente dal proprio medico che apporterà eventuali modifiche terapeutiche se necessarie.
"ciao, assistente! sono pronto per un altro giorno di successi nella gestione della mia ipertensione.",Sono pronto anch'io!
Quali sono le possibili conseguenze associate all'ipertensione?,"L'ipertensione arteriosa è un fattore di rischio per lo sviluppo di patologie cardiovascolari come ictus cerebrale, infarto di cuore, scompenso cardiaco, fibrillazione atriale, insufficienza renale. Questo accade perchè la pressione alta dopo tanto tempo può danneggiare degli organi bersaglio come il cuore, il rene e i vasi."
Che tipo di musica ti piace ascoltare?, Sono un chatbot progettato per fornire supporto nella gestione dell'ipertensione. La tua domanda non è correlata al mio ambito di competenza.
qual è il tuo periodo storico preferito?, Sono un chatbot progettato per fornire supporto nella gestione dell'ipertensione. La tua domanda non è correlata al mio ambito di competenza.
come la gravidanza può influenzare l’ipertensione?,La pressione varia molto durante le fasi della gravidanza per cui in caso i valori siano troppo alti va' informato il medico in quanto l'ipertensione in gravidanza se non adeguatamente trattata si associa ad elevato rischio di complicanze per la madre e per il feto
sono molto tranquillo riguardo alla mia pressione alta.,MI fa piacere! In effetti la tua pressione nell'ultimo periodo è ....
non ho nervosismo per la mia ipertensione.,Non c'è motivo di essere nervosi riguardo ai prori valori pressori. La pressione è un parametro molto variabile per cui va valutata nel lungo termine soprattutto se si assumono terapie farmacologiche. Se ti senti molto stressato/a ti consiglio di parlarne con il tuo medico che apporterà eventuali modifiche terapeutiche se necessarie.
Ho paura che la mia pressione alta possa causare problemi seri.,L'ipertensione arteriosa è un fattore di rischio per lo sviluppo di patologie cardiovascolari tuttavia se ben controllata dalla terapia questo rischio si riduce. 
che tipo di musica ti piace ascoltare?, Sono un chatbot progettato per fornire supporto nella gestione dell'ipertensione. La tua domanda non è correlata al mio ambito di competenza.
non sono stressato per la mia ipertensione.,Non c'è motivo di essere stressati riguardo ai prori valori pressori. La pressione è un parametro molto variabile per cui va valutata nel lungo termine soprattutto se si assumono terapie farmacologiche. Se ti senti molto stressato/a ti consiglio di parlarne con il tuo medico che apporterà eventuali modifiche terapeutiche se necessarie.
"A presto, assistente! Spero tu possa continuare ad aiutarmi a gestire la mia ipertensione.","Lo farò, a presto!"
quali sono i rischi per la salute associati all’ipertensione?,"L'ipertensione arteriosa è un fattore di rischio per lo sviluppo di patologie cardiovascolari come ictus cerebrale, infarto di cuore, scompenso cardiaco, fibrillazione atriale, insufficienza renale. Questo accade perchè la pressione alta dopo tanto tempo può danneggiare degli organi bersaglio come il cuore, il rene e i vasi."
mi sento molto rilassato riguardo alla mia ipertensione.,MI fa piacere! In effetti la tua pressione nell'ultimo periodo è ....
quali sono i fattori di rischio per l’osteoporosi?, Sono un chatbot progettato per fornire supporto nella gestione dell'ipertensione. La tua domanda non è correlata al mio ambito di competenza.
Posso inserire i dati della mia pressione sanguigna di questo mese?,Certamente!
